grid_id,class,percent_Q12024,percent_Q22024,change_pct
1,0,0.0,0.0,0.0
1,1,68.11594202898551,0.0,-68.11594202898551
1,2,0.0,0.0,0.0
1,3,0.0,0.0,0.0
1,4,0.0,0.0,0.0
1,5,31.88405797101449,100.0,68.11594202898551
1,6,0.0,0.0,0.0
1,7,0.0,0.0,0.0
1,8,0.0,0.0,0.0
2,0,0.0,0.0,0.0
2,1,100.0,5.747126436781609,-94.25287356321839
2,2,0.0,0.0,0.0
2,3,0.0,0.0,0.0
2,4,0.0,0.0,0.0
2,5,0.0,94.25287356321839,94.25287356321839
2,6,0.0,0.0,0.0
2,7,0.0,0.0,0.0
2,8,0.0,0.0,0.0
3,0,0.0,0.0,0.0
3,1,100.0,0.0,-100.0
3,2,0.0,0.0,0.0
3,3,0.0,0.0,0.0
3,4,0.0,0.0,0.0
3,5,0.0,100.0,100.0
3,6,0.0,0.0,0.0
3,7,0.0,0.0,0.0
3,8,0.0,0.0,0.0
4,0,0.0,0.0,0.0
4,1,95.94594594594594,0.0,-95.94594594594594
4,2,0.0,0.0,0.0
4,3,0.0,0.0,0.0
4,4,0.0,0.0,0.0
4,5,4.054054054054054,100.0,95.94594594594595
4,6,0.0,0.0,0.0
4,7,0.0,0.0,0.0
4,8,0.0,0.0,0.0
5,0,0.0,0.0,0.0
5,1,24.0,0.0,-24.0
5,2,0.0,0.0,0.0
5,3,0.0,0.0,0.0
5,4,0.0,0.0,0.0
5,5,76.0,100.0,24.0
5,6,0.0,0.0,0.0
5,7,0.0,0.0,0.0
5,8,0.0,0.0,0.0
6,0,0.0,0.0,0.0
6,1,96.62921348314607,1.1235955056179776,-95.50561797752809
6,2,0.0,0.0,0.0
6,3,0.0,0.0,0.0
6,4,0.0,0.0,0.0
6,5,3.3707865168539324,98.87640449438202,95.50561797752809
6,6,0.0,0.0,0.0
6,7,0.0,0.0,0.0
6,8,0.0,0.0,0.0
7,0,0.0,0.0,0.0
7,1,14.893617021276595,0.0,-14.893617021276595
7,2,0.0,0.0,0.0
7,3,0.0,0.0,0.0
7,4,0.0,0.0,0.0
7,5,85.1063829787234,100.0,14.893617021276597
7,6,0.0,0.0,0.0
7,7,0.0,0.0,0.0
7,8,0.0,0.0,0.0
8,0,0.0,0.0,0.0
8,1,0.0,0.0,0.0
8,2,0.0,0.0,0.0
8,3,0.0,0.0,0.0
8,4,0.0,0.0,0.0
8,5,0.0,0.0,0.0
8,6,0.0,0.0,0.0
8,7,0.0,0.0,0.0
8,8,0.0,0.0,0.0
9,0,0.0,0.0,0.0
9,1,100.0,100.0,0.0
9,2,0.0,0.0,0.0
9,3,0.0,0.0,0.0
9,4,0.0,0.0,0.0
9,5,0.0,0.0,0.0
9,6,0.0,0.0,0.0
9,7,0.0,0.0,0.0
9,8,0.0,0.0,0.0
10,0,0.0,0.0,0.0
10,1,100.0,52.94117647058824,-47.05882352941176
10,2,0.0,0.0,0.0
10,3,0.0,0.0,0.0
10,4,0.0,0.0,0.0
10,5,0.0,47.05882352941176,47.05882352941176
10,6,0.0,0.0,0.0
10,7,0.0,0.0,0.0
10,8,0.0,0.0,0.0
11,0,0.0,0.0,0.0
11,1,28.000000000000004,3.0,-25.000000000000004
11,2,0.0,0.0,0.0
11,3,0.0,0.0,0.0
11,4,0.0,0.0,0.0
11,5,72.0,97.0,25.0
11,6,0.0,0.0,0.0
11,7,0.0,0.0,0.0
11,8,0.0,0.0,0.0
12,0,0.0,0.0,0.0
12,1,17.0,0.0,-17.0
12,2,0.0,0.0,0.0
12,3,0.0,0.0,0.0
12,4,0.0,0.0,0.0
12,5,83.0,100.0,17.0
12,6,0.0,0.0,0.0
12,7,0.0,0.0,0.0
12,8,0.0,0.0,0.0
13,0,0.0,0.0,0.0
13,1,41.0,0.0,-41.0
13,2,0.0,0.0,0.0
13,3,0.0,0.0,0.0
13,4,0.0,0.0,0.0
13,5,59.0,100.0,41.0
13,6,0.0,0.0,0.0
13,7,0.0,0.0,0.0
13,8,0.0,0.0,0.0
14,0,0.0,0.0,0.0
14,1,100.0,0.0,-100.0
14,2,0.0,0.0,0.0
14,3,0.0,0.0,0.0
14,4,0.0,0.0,0.0
14,5,0.0,100.0,100.0
14,6,0.0,0.0,0.0
14,7,0.0,0.0,0.0
14,8,0.0,0.0,0.0
15,0,0.0,0.0,0.0
15,1,100.0,95.83333333333334,-4.166666666666657
15,2,0.0,0.0,0.0
15,3,0.0,0.0,0.0
15,4,0.0,0.0,0.0
15,5,0.0,4.166666666666666,4.166666666666666
15,6,0.0,0.0,0.0
15,7,0.0,0.0,0.0
15,8,0.0,0.0,0.0
16,0,0.0,0.0,0.0
16,1,100.0,97.97979797979798,-2.0202020202020208
16,2,0.0,0.0,0.0
16,3,0.0,0.0,0.0
16,4,0.0,0.0,0.0
16,5,0.0,2.0202020202020203,2.0202020202020203
16,6,0.0,0.0,0.0
16,7,0.0,0.0,0.0
16,8,0.0,0.0,0.0
17,0,0.0,0.0,0.0
17,1,100.0,100.0,0.0
17,2,0.0,0.0,0.0
17,3,0.0,0.0,0.0
17,4,0.0,0.0,0.0
17,5,0.0,0.0,0.0
17,6,0.0,0.0,0.0
17,7,0.0,0.0,0.0
17,8,0.0,0.0,0.0
18,0,0.0,0.0,0.0
18,1,95.0,63.0,-32.0
18,2,0.0,0.0,0.0
18,3,0.0,0.0,0.0
18,4,0.0,0.0,0.0
18,5,5.0,37.0,32.0
18,6,0.0,0.0,0.0
18,7,0.0,0.0,0.0
18,8,0.0,0.0,0.0
19,0,0.0,0.0,0.0
19,1,68.0,1.0,-67.0
19,2,0.0,0.0,0.0
19,3,0.0,0.0,0.0
19,4,0.0,0.0,0.0
19,5,32.0,99.0,67.0
19,6,0.0,0.0,0.0
19,7,0.0,0.0,0.0
19,8,0.0,0.0,0.0
20,0,0.0,0.0,0.0
20,1,83.0,0.0,-83.0
20,2,0.0,0.0,0.0
20,3,0.0,0.0,0.0
20,4,0.0,0.0,0.0
20,5,17.0,100.0,83.0
20,6,0.0,0.0,0.0
20,7,0.0,0.0,0.0
20,8,0.0,0.0,0.0
21,0,0.0,0.0,0.0
21,1,100.0,86.36363636363636,-13.63636363636364
21,2,0.0,0.0,0.0
21,3,0.0,0.0,0.0
21,4,0.0,0.0,0.0
21,5,0.0,13.636363636363635,13.636363636363635
21,6,0.0,0.0,0.0
21,7,0.0,0.0,0.0
21,8,0.0,0.0,0.0
22,0,0.0,0.0,0.0
22,1,76.40449438202246,12.359550561797752,-64.04494382022472
22,2,0.0,0.0,0.0
22,3,0.0,0.0,0.0
22,4,6.741573033707865,1.1235955056179776,-5.617977528089887
22,5,16.853932584269664,86.51685393258427,69.6629213483146
22,6,0.0,0.0,0.0
22,7,0.0,0.0,0.0
22,8,0.0,0.0,0.0
23,0,0.0,0.0,0.0
23,1,15.0,11.0,-4.0
23,2,9.0,0.0,-9.0
23,3,0.0,0.0,0.0
23,4,69.0,4.0,-65.0
23,5,7.000000000000001,85.0,78.0
23,6,0.0,0.0,0.0
23,7,0.0,0.0,0.0
23,8,0.0,0.0,0.0
24,0,0.0,0.0,0.0
24,1,67.0,62.0,-5.0
24,2,3.0,0.0,-3.0
24,3,0.0,0.0,0.0
24,4,4.0,0.0,-4.0
24,5,26.0,38.0,12.0
24,6,0.0,0.0,0.0
24,7,0.0,0.0,0.0
24,8,0.0,0.0,0.0
25,0,0.0,0.0,0.0
25,1,100.0,65.0,-35.0
25,2,0.0,0.0,0.0
25,3,0.0,0.0,0.0
25,4,0.0,0.0,0.0
25,5,0.0,35.0,35.0
25,6,0.0,0.0,0.0
25,7,0.0,0.0,0.0
25,8,0.0,0.0,0.0
26,0,0.0,0.0,0.0
26,1,60.0,3.0,-57.0
26,2,0.0,0.0,0.0
26,3,0.0,0.0,0.0
26,4,0.0,0.0,0.0
26,5,40.0,97.0,57.0
26,6,0.0,0.0,0.0
26,7,0.0,0.0,0.0
26,8,0.0,0.0,0.0
27,0,0.0,0.0,0.0
27,1,36.0,0.0,-36.0
27,2,0.0,0.0,0.0
27,3,0.0,0.0,0.0
27,4,0.0,0.0,0.0
27,5,64.0,100.0,36.0
27,6,0.0,0.0,0.0
27,7,0.0,0.0,0.0
27,8,0.0,0.0,0.0
28,0,0.0,0.0,0.0
28,1,97.36842105263158,38.15789473684211,-59.210526315789465
28,2,0.0,0.0,0.0
28,3,0.0,0.0,0.0
28,4,0.0,0.0,0.0
28,5,2.631578947368421,61.8421052631579,59.21052631578948
28,6,0.0,0.0,0.0
28,7,0.0,0.0,0.0
28,8,0.0,0.0,0.0
29,0,0.0,0.0,0.0
29,1,43.859649122807014,0.0,-43.859649122807014
29,2,0.0,0.0,0.0
29,3,0.0,0.0,0.0
29,4,56.14035087719298,0.0,-56.14035087719298
29,5,0.0,100.0,100.0
29,6,0.0,0.0,0.0
29,7,0.0,0.0,0.0
29,8,0.0,0.0,0.0
30,0,0.0,0.0,0.0
30,1,3.0,4.0,1.0
30,2,0.0,0.0,0.0
30,3,0.0,0.0,0.0
30,4,66.0,0.0,-66.0
30,5,31.0,96.0,65.0
30,6,0.0,0.0,0.0
30,7,0.0,0.0,0.0
30,8,0.0,0.0,0.0
31,0,0.0,0.0,0.0
31,1,37.0,19.0,-18.0
31,2,0.0,0.0,0.0
31,3,0.0,0.0,0.0
31,4,0.0,0.0,0.0
31,5,63.0,81.0,18.0
31,6,0.0,0.0,0.0
31,7,0.0,0.0,0.0
31,8,0.0,0.0,0.0
32,0,0.0,0.0,0.0
32,1,53.0,2.0,-51.0
32,2,0.0,0.0,0.0
32,3,0.0,0.0,0.0
32,4,0.0,0.0,0.0
32,5,47.0,98.0,51.0
32,6,0.0,0.0,0.0
32,7,0.0,0.0,0.0
32,8,0.0,0.0,0.0
33,0,0.0,0.0,0.0
33,1,51.0,0.0,-51.0
33,2,0.0,0.0,0.0
33,3,0.0,0.0,0.0
33,4,0.0,0.0,0.0
33,5,49.0,100.0,51.0
33,6,0.0,0.0,0.0
33,7,0.0,0.0,0.0
33,8,0.0,0.0,0.0
34,0,0.0,0.0,0.0
34,1,53.0,0.0,-53.0
34,2,0.0,0.0,0.0
34,3,0.0,0.0,0.0
34,4,0.0,0.0,0.0
34,5,47.0,100.0,53.0
34,6,0.0,0.0,0.0
34,7,0.0,0.0,0.0
34,8,0.0,0.0,0.0
35,0,0.0,0.0,0.0
35,1,52.04081632653062,8.16326530612245,-43.87755102040817
35,2,0.0,0.0,0.0
35,3,0.0,0.0,0.0
35,4,0.0,0.0,0.0
35,5,47.95918367346938,91.83673469387756,43.87755102040818
35,6,0.0,0.0,0.0
35,7,0.0,0.0,0.0
35,8,0.0,0.0,0.0
36,0,0.0,0.0,0.0
36,1,100.0,100.0,0.0
36,2,0.0,0.0,0.0
36,3,0.0,0.0,0.0
36,4,0.0,0.0,0.0
36,5,0.0,0.0,0.0
36,6,0.0,0.0,0.0
36,7,0.0,0.0,0.0
36,8,0.0,0.0,0.0
37,0,0.0,0.0,0.0
37,1,46.835443037974684,59.49367088607595,12.658227848101262
37,2,0.0,0.0,0.0
37,3,0.0,0.0,0.0
37,4,8.860759493670885,0.0,-8.860759493670885
37,5,44.303797468354425,40.50632911392405,-3.7974683544303716
37,6,0.0,0.0,0.0
37,7,0.0,0.0,0.0
37,8,0.0,0.0,0.0
38,0,0.0,0.0,0.0
38,1,18.0,10.0,-8.0
38,2,0.0,0.0,0.0
38,3,0.0,0.0,0.0
38,4,0.0,0.0,0.0
38,5,82.0,90.0,8.0
38,6,0.0,0.0,0.0
38,7,0.0,0.0,0.0
38,8,0.0,0.0,0.0
39,0,0.0,0.0,0.0
39,1,6.0,0.0,-6.0
39,2,0.0,0.0,0.0
39,3,0.0,0.0,0.0
39,4,0.0,0.0,0.0
39,5,94.0,100.0,6.0
39,6,0.0,0.0,0.0
39,7,0.0,0.0,0.0
39,8,0.0,0.0,0.0
40,0,0.0,0.0,0.0
40,1,68.0,9.0,-59.0
40,2,0.0,0.0,0.0
40,3,0.0,0.0,0.0
40,4,0.0,0.0,0.0
40,5,32.0,91.0,59.0
40,6,0.0,0.0,0.0
40,7,0.0,0.0,0.0
40,8,0.0,0.0,0.0
41,0,0.0,0.0,0.0
41,1,100.0,62.0,-38.0
41,2,0.0,0.0,0.0
41,3,0.0,0.0,0.0
41,4,0.0,0.0,0.0
41,5,0.0,38.0,38.0
41,6,0.0,0.0,0.0
41,7,0.0,0.0,0.0
41,8,0.0,0.0,0.0
42,0,0.0,0.0,0.0
42,1,70.83333333333334,12.5,-58.33333333333334
42,2,0.0,0.0,0.0
42,3,0.0,0.0,0.0
42,4,0.0,0.0,0.0
42,5,29.166666666666668,87.5,58.33333333333333
42,6,0.0,0.0,0.0
42,7,0.0,0.0,0.0
42,8,0.0,0.0,0.0
43,0,0.0,0.0,0.0
43,1,100.0,40.0,-60.0
43,2,0.0,0.0,0.0
43,3,0.0,0.0,0.0
43,4,0.0,0.0,0.0
43,5,0.0,60.0,60.0
43,6,0.0,0.0,0.0
43,7,0.0,0.0,0.0
43,8,0.0,0.0,0.0
44,0,0.0,0.0,0.0
44,1,84.61538461538461,87.6923076923077,3.07692307692308
44,2,0.0,0.0,0.0
44,3,0.0,0.0,0.0
44,4,0.0,0.0,0.0
44,5,15.384615384615385,12.307692307692308,-3.0769230769230766
44,6,0.0,0.0,0.0
44,7,0.0,0.0,0.0
44,8,0.0,0.0,0.0
45,0,0.0,0.0,0.0
45,1,89.0,59.0,-30.0
45,2,2.0,0.0,-2.0
45,3,0.0,0.0,0.0
45,4,0.0,0.0,0.0
45,5,9.0,41.0,32.0
45,6,0.0,0.0,0.0
45,7,0.0,0.0,0.0
45,8,0.0,0.0,0.0
46,0,0.0,0.0,0.0
46,1,3.0,0.0,-3.0
46,2,0.0,0.0,0.0
46,3,0.0,0.0,0.0
46,4,0.0,0.0,0.0
46,5,97.0,100.0,3.0
46,6,0.0,0.0,0.0
46,7,0.0,0.0,0.0
46,8,0.0,0.0,0.0
47,0,0.0,0.0,0.0
47,1,70.0,7.000000000000001,-63.0
47,2,0.0,0.0,0.0
47,3,0.0,0.0,0.0
47,4,0.0,0.0,0.0
47,5,30.0,93.0,63.0
47,6,0.0,0.0,0.0
47,7,0.0,0.0,0.0
47,8,0.0,0.0,0.0
48,0,0.0,0.0,0.0
48,1,100.0,100.0,0.0
48,2,0.0,0.0,0.0
48,3,0.0,0.0,0.0
48,4,0.0,0.0,0.0
48,5,0.0,0.0,0.0
48,6,0.0,0.0,0.0
48,7,0.0,0.0,0.0
48,8,0.0,0.0,0.0
49,0,0.0,0.0,0.0
49,1,100.0,100.0,0.0
49,2,0.0,0.0,0.0
49,3,0.0,0.0,0.0
49,4,0.0,0.0,0.0
49,5,0.0,0.0,0.0
49,6,0.0,0.0,0.0
49,7,0.0,0.0,0.0
49,8,0.0,0.0,0.0
50,0,0.0,0.0,0.0
50,1,0.0,0.0,0.0
50,2,0.0,0.0,0.0
50,3,0.0,0.0,0.0
50,4,0.0,0.0,0.0
50,5,0.0,0.0,0.0
50,6,0.0,0.0,0.0
50,7,0.0,0.0,0.0
50,8,0.0,0.0,0.0
51,0,0.0,0.0,0.0
51,1,100.0,0.0,-100.0
51,2,0.0,0.0,0.0
51,3,0.0,0.0,0.0
51,4,0.0,0.0,0.0
51,5,0.0,100.0,100.0
51,6,0.0,0.0,0.0
51,7,0.0,0.0,0.0
51,8,0.0,0.0,0.0
52,0,0.0,0.0,0.0
52,1,100.0,13.88888888888889,-86.11111111111111
52,2,0.0,0.0,0.0
52,3,0.0,0.0,0.0
52,4,0.0,0.0,0.0
52,5,0.0,86.11111111111111,86.11111111111111
52,6,0.0,0.0,0.0
52,7,0.0,0.0,0.0
52,8,0.0,0.0,0.0
53,0,0.0,0.0,0.0
53,1,100.0,100.0,0.0
53,2,0.0,0.0,0.0
53,3,0.0,0.0,0.0
53,4,0.0,0.0,0.0
53,5,0.0,0.0,0.0
53,6,0.0,0.0,0.0
53,7,0.0,0.0,0.0
53,8,0.0,0.0,0.0
54,0,0.0,0.0,0.0
54,1,100.0,100.0,0.0
54,2,0.0,0.0,0.0
54,3,0.0,0.0,0.0
54,4,0.0,0.0,0.0
54,5,0.0,0.0,0.0
54,6,0.0,0.0,0.0
54,7,0.0,0.0,0.0
54,8,0.0,0.0,0.0
55,0,0.0,0.0,0.0
55,1,83.0,61.0,-22.0
55,2,0.0,0.0,0.0
55,3,0.0,0.0,0.0
55,4,0.0,0.0,0.0
55,5,17.0,39.0,22.0
55,6,0.0,0.0,0.0
55,7,0.0,0.0,0.0
55,8,0.0,0.0,0.0
56,0,0.0,0.0,0.0
56,1,3.0,0.0,-3.0
56,2,0.0,0.0,0.0
56,3,0.0,0.0,0.0
56,4,0.0,0.0,0.0
56,5,97.0,100.0,3.0
56,6,0.0,0.0,0.0
56,7,0.0,0.0,0.0
56,8,0.0,0.0,0.0
57,0,0.0,0.0,0.0
57,1,43.0,19.0,-24.0
57,2,0.0,0.0,0.0
57,3,0.0,0.0,0.0
57,4,0.0,0.0,0.0
57,5,56.99999999999999,81.0,24.000000000000007
57,6,0.0,0.0,0.0
57,7,0.0,0.0,0.0
57,8,0.0,0.0,0.0
58,0,0.0,0.0,0.0
58,1,100.0,100.0,0.0
58,2,0.0,0.0,0.0
58,3,0.0,0.0,0.0
58,4,0.0,0.0,0.0
58,5,0.0,0.0,0.0
58,6,0.0,0.0,0.0
58,7,0.0,0.0,0.0
58,8,0.0,0.0,0.0
59,0,0.0,0.0,0.0
59,1,100.0,47.25274725274725,-52.74725274725275
59,2,0.0,0.0,0.0
59,3,0.0,0.0,0.0
59,4,0.0,0.0,0.0
59,5,0.0,52.74725274725275,52.74725274725275
59,6,0.0,0.0,0.0
59,7,0.0,0.0,0.0
59,8,0.0,0.0,0.0
60,0,0.0,0.0,0.0
60,1,100.0,73.97260273972603,-26.027397260273972
60,2,0.0,0.0,0.0
60,3,0.0,0.0,0.0
60,4,0.0,0.0,0.0
60,5,0.0,26.027397260273972,26.027397260273972
60,6,0.0,0.0,0.0
60,7,0.0,0.0,0.0
60,8,0.0,0.0,0.0
61,0,0.0,0.0,0.0
61,1,100.0,100.0,0.0
61,2,0.0,0.0,0.0
61,3,0.0,0.0,0.0
61,4,0.0,0.0,0.0
61,5,0.0,0.0,0.0
61,6,0.0,0.0,0.0
61,7,0.0,0.0,0.0
61,8,0.0,0.0,0.0
62,0,0.0,0.0,0.0
62,1,100.0,87.0,-13.0
62,2,0.0,0.0,0.0
62,3,0.0,0.0,0.0
62,4,0.0,0.0,0.0
62,5,0.0,13.0,13.0
62,6,0.0,0.0,0.0
62,7,0.0,0.0,0.0
62,8,0.0,0.0,0.0
63,0,0.0,0.0,0.0
63,1,100.0,100.0,0.0
63,2,0.0,0.0,0.0
63,3,0.0,0.0,0.0
63,4,0.0,0.0,0.0
63,5,0.0,0.0,0.0
63,6,0.0,0.0,0.0
63,7,0.0,0.0,0.0
63,8,0.0,0.0,0.0
64,0,0.0,0.0,0.0
64,1,100.0,100.0,0.0
64,2,0.0,0.0,0.0
64,3,0.0,0.0,0.0
64,4,0.0,0.0,0.0
64,5,0.0,0.0,0.0
64,6,0.0,0.0,0.0
64,7,0.0,0.0,0.0
64,8,0.0,0.0,0.0
65,0,0.0,0.0,0.0
65,1,100.0,100.0,0.0
65,2,0.0,0.0,0.0
65,3,0.0,0.0,0.0
65,4,0.0,0.0,0.0
65,5,0.0,0.0,0.0
65,6,0.0,0.0,0.0
65,7,0.0,0.0,0.0
65,8,0.0,0.0,0.0
66,0,0.0,0.0,0.0
66,1,94.44444444444444,93.05555555555556,-1.3888888888888857
66,2,0.0,0.0,0.0
66,3,0.0,0.0,0.0
66,4,0.0,0.0,0.0
66,5,5.555555555555555,6.944444444444445,1.3888888888888893
66,6,0.0,0.0,0.0
66,7,0.0,0.0,0.0
66,8,0.0,0.0,0.0
67,0,0.0,0.0,0.0
67,1,72.0,72.0,0.0
67,2,0.0,0.0,0.0
67,3,0.0,0.0,0.0
67,4,0.0,0.0,0.0
67,5,28.000000000000004,28.000000000000004,0.0
67,6,0.0,0.0,0.0
67,7,0.0,0.0,0.0
67,8,0.0,0.0,0.0
68,0,0.0,0.0,0.0
68,1,22.0,15.0,-7.0
68,2,0.0,0.0,0.0
68,3,0.0,0.0,0.0
68,4,0.0,0.0,0.0
68,5,78.0,70.0,-8.0
68,6,0.0,15.0,15.0
68,7,0.0,0.0,0.0
68,8,0.0,0.0,0.0
69,0,0.0,0.0,0.0
69,1,73.0,40.0,-33.0
69,2,0.0,0.0,0.0
69,3,0.0,0.0,0.0
69,4,0.0,0.0,0.0
69,5,27.0,57.99999999999999,30.999999999999993
69,6,0.0,2.0,2.0
69,7,0.0,0.0,0.0
69,8,0.0,0.0,0.0
70,0,0.0,0.0,0.0
70,1,99.0,70.0,-29.0
70,2,0.0,0.0,0.0
70,3,0.0,0.0,0.0
70,4,0.0,0.0,0.0
70,5,1.0,30.0,29.0
70,6,0.0,0.0,0.0
70,7,0.0,0.0,0.0
70,8,0.0,0.0,0.0
71,0,0.0,0.0,0.0
71,1,100.0,100.0,0.0
71,2,0.0,0.0,0.0
71,3,0.0,0.0,0.0
71,4,0.0,0.0,0.0
71,5,0.0,0.0,0.0
71,6,0.0,0.0,0.0
71,7,0.0,0.0,0.0
71,8,0.0,0.0,0.0
72,0,0.0,0.0,0.0
72,1,100.0,75.0,-25.0
72,2,0.0,0.0,0.0
72,3,0.0,0.0,0.0
72,4,0.0,0.0,0.0
72,5,0.0,25.0,25.0
72,6,0.0,0.0,0.0
72,7,0.0,0.0,0.0
72,8,0.0,0.0,0.0
73,0,0.0,0.0,0.0
73,1,82.0,0.0,-82.0
73,2,0.0,0.0,0.0
73,3,0.0,0.0,0.0
73,4,0.0,0.0,0.0
73,5,18.0,100.0,82.0
73,6,0.0,0.0,0.0
73,7,0.0,0.0,0.0
73,8,0.0,0.0,0.0
74,0,0.0,0.0,0.0
74,1,88.0,18.0,-70.0
74,2,0.0,0.0,0.0
74,3,0.0,0.0,0.0
74,4,0.0,0.0,0.0
74,5,12.0,82.0,70.0
74,6,0.0,0.0,0.0
74,7,0.0,0.0,0.0
74,8,0.0,0.0,0.0
75,0,0.0,0.0,0.0
75,1,100.0,100.0,0.0
75,2,0.0,0.0,0.0
75,3,0.0,0.0,0.0
75,4,0.0,0.0,0.0
75,5,0.0,0.0,0.0
75,6,0.0,0.0,0.0
75,7,0.0,0.0,0.0
75,8,0.0,0.0,0.0
76,0,0.0,0.0,0.0
76,1,100.0,100.0,0.0
76,2,0.0,0.0,0.0
76,3,0.0,0.0,0.0
76,4,0.0,0.0,0.0
76,5,0.0,0.0,0.0
76,6,0.0,0.0,0.0
76,7,0.0,0.0,0.0
76,8,0.0,0.0,0.0
77,0,0.0,0.0,0.0
77,1,100.0,100.0,0.0
77,2,0.0,0.0,0.0
77,3,0.0,0.0,0.0
77,4,0.0,0.0,0.0
77,5,0.0,0.0,0.0
77,6,0.0,0.0,0.0
77,7,0.0,0.0,0.0
77,8,0.0,0.0,0.0
78,0,0.0,0.0,0.0
78,1,51.0,47.0,-4.0
78,2,0.0,0.0,0.0
78,3,0.0,0.0,0.0
78,4,0.0,0.0,0.0
78,5,49.0,53.0,4.0
78,6,0.0,0.0,0.0
78,7,0.0,0.0,0.0
78,8,0.0,0.0,0.0
79,0,0.0,0.0,0.0
79,1,12.0,10.0,-2.0
79,2,0.0,0.0,0.0
79,3,0.0,0.0,0.0
79,4,0.0,0.0,0.0
79,5,88.0,90.0,2.0
79,6,0.0,0.0,0.0
79,7,0.0,0.0,0.0
79,8,0.0,0.0,0.0
80,0,0.0,0.0,0.0
80,1,94.0,66.0,-28.0
80,2,0.0,0.0,0.0
80,3,0.0,0.0,0.0
80,4,0.0,0.0,0.0
80,5,6.0,34.0,28.0
80,6,0.0,0.0,0.0
80,7,0.0,0.0,0.0
80,8,0.0,0.0,0.0
81,0,0.0,0.0,0.0
81,1,100.0,100.0,0.0
81,2,0.0,0.0,0.0
81,3,0.0,0.0,0.0
81,4,0.0,0.0,0.0
81,5,0.0,0.0,0.0
81,6,0.0,0.0,0.0
81,7,0.0,0.0,0.0
81,8,0.0,0.0,0.0
82,0,0.0,0.0,0.0
82,1,100.0,80.0,-20.0
82,2,0.0,0.0,0.0
82,3,0.0,0.0,0.0
82,4,0.0,0.0,0.0
82,5,0.0,20.0,20.0
82,6,0.0,0.0,0.0
82,7,0.0,0.0,0.0
82,8,0.0,0.0,0.0
83,0,0.0,0.0,0.0
83,1,100.0,41.0,-59.0
83,2,0.0,0.0,0.0
83,3,0.0,0.0,0.0
83,4,0.0,0.0,0.0
83,5,0.0,59.0,59.0
83,6,0.0,0.0,0.0
83,7,0.0,0.0,0.0
83,8,0.0,0.0,0.0
84,0,0.0,0.0,0.0
84,1,100.0,59.756097560975604,-40.243902439024396
84,2,0.0,0.0,0.0
84,3,0.0,0.0,0.0
84,4,0.0,0.0,0.0
84,5,0.0,40.243902439024396,40.243902439024396
84,6,0.0,0.0,0.0
84,7,0.0,0.0,0.0
84,8,0.0,0.0,0.0
85,0,0.0,0.0,0.0
85,1,100.0,100.0,0.0
85,2,0.0,0.0,0.0
85,3,0.0,0.0,0.0
85,4,0.0,0.0,0.0
85,5,0.0,0.0,0.0
85,6,0.0,0.0,0.0
85,7,0.0,0.0,0.0
85,8,0.0,0.0,0.0
86,0,0.0,0.0,0.0
86,1,100.0,100.0,0.0
86,2,0.0,0.0,0.0
86,3,0.0,0.0,0.0
86,4,0.0,0.0,0.0
86,5,0.0,0.0,0.0
86,6,0.0,0.0,0.0
86,7,0.0,0.0,0.0
86,8,0.0,0.0,0.0
87,0,0.0,0.0,0.0
87,1,96.55172413793103,91.95402298850574,-4.597701149425291
87,2,0.0,0.0,0.0
87,3,0.0,0.0,0.0
87,4,0.0,0.0,0.0
87,5,3.4482758620689653,8.045977011494253,4.597701149425288
87,6,0.0,0.0,0.0
87,7,0.0,0.0,0.0
87,8,0.0,0.0,0.0
88,0,0.0,0.0,0.0
88,1,99.0,99.0,0.0
88,2,0.0,0.0,0.0
88,3,0.0,0.0,0.0
88,4,0.0,0.0,0.0
88,5,1.0,1.0,0.0
88,6,0.0,0.0,0.0
88,7,0.0,0.0,0.0
88,8,0.0,0.0,0.0
89,0,0.0,0.0,0.0
89,1,100.0,100.0,0.0
89,2,0.0,0.0,0.0
89,3,0.0,0.0,0.0
89,4,0.0,0.0,0.0
89,5,0.0,0.0,0.0
89,6,0.0,0.0,0.0
89,7,0.0,0.0,0.0
89,8,0.0,0.0,0.0
90,0,0.0,0.0,0.0
90,1,100.0,100.0,0.0
90,2,0.0,0.0,0.0
90,3,0.0,0.0,0.0
90,4,0.0,0.0,0.0
90,5,0.0,0.0,0.0
90,6,0.0,0.0,0.0
90,7,0.0,0.0,0.0
90,8,0.0,0.0,0.0
91,0,0.0,0.0,0.0
91,1,100.0,100.0,0.0
91,2,0.0,0.0,0.0
91,3,0.0,0.0,0.0
91,4,0.0,0.0,0.0
91,5,0.0,0.0,0.0
91,6,0.0,0.0,0.0
91,7,0.0,0.0,0.0
91,8,0.0,0.0,0.0
92,0,0.0,0.0,0.0
92,1,100.0,100.0,0.0
92,2,0.0,0.0,0.0
92,3,0.0,0.0,0.0
92,4,0.0,0.0,0.0
92,5,0.0,0.0,0.0
92,6,0.0,0.0,0.0
92,7,0.0,0.0,0.0
92,8,0.0,0.0,0.0
93,0,0.0,0.0,0.0
93,1,100.0,100.0,0.0
93,2,0.0,0.0,0.0
93,3,0.0,0.0,0.0
93,4,0.0,0.0,0.0
93,5,0.0,0.0,0.0
93,6,0.0,0.0,0.0
93,7,0.0,0.0,0.0
93,8,0.0,0.0,0.0
94,0,0.0,0.0,0.0
94,1,100.0,100.0,0.0
94,2,0.0,0.0,0.0
94,3,0.0,0.0,0.0
94,4,0.0,0.0,0.0
94,5,0.0,0.0,0.0
94,6,0.0,0.0,0.0
94,7,0.0,0.0,0.0
94,8,0.0,0.0,0.0
95,0,0.0,0.0,0.0
95,1,100.0,100.0,0.0
95,2,0.0,0.0,0.0
95,3,0.0,0.0,0.0
95,4,0.0,0.0,0.0
95,5,0.0,0.0,0.0
95,6,0.0,0.0,0.0
95,7,0.0,0.0,0.0
95,8,0.0,0.0,0.0
96,0,0.0,0.0,0.0
96,1,100.0,100.0,0.0
96,2,0.0,0.0,0.0
96,3,0.0,0.0,0.0
96,4,0.0,0.0,0.0
96,5,0.0,0.0,0.0
96,6,0.0,0.0,0.0
96,7,0.0,0.0,0.0
96,8,0.0,0.0,0.0
97,0,0.0,0.0,0.0
97,1,100.0,100.0,0.0
97,2,0.0,0.0,0.0
97,3,0.0,0.0,0.0
97,4,0.0,0.0,0.0
97,5,0.0,0.0,0.0
97,6,0.0,0.0,0.0
97,7,0.0,0.0,0.0
97,8,0.0,0.0,0.0
98,0,0.0,0.0,0.0
98,1,100.0,98.0,-2.0
98,2,0.0,0.0,0.0
98,3,0.0,0.0,0.0
98,4,0.0,0.0,0.0
98,5,0.0,2.0,2.0
98,6,0.0,0.0,0.0
98,7,0.0,0.0,0.0
98,8,0.0,0.0,0.0
99,0,0.0,0.0,0.0
99,1,100.0,100.0,0.0
99,2,0.0,0.0,0.0
99,3,0.0,0.0,0.0
99,4,0.0,0.0,0.0
99,5,0.0,0.0,0.0
99,6,0.0,0.0,0.0
99,7,0.0,0.0,0.0
99,8,0.0,0.0,0.0
100,0,0.0,0.0,0.0
100,1,100.0,100.0,0.0
100,2,0.0,0.0,0.0
100,3,0.0,0.0,0.0
100,4,0.0,0.0,0.0
100,5,0.0,0.0,0.0
100,6,0.0,0.0,0.0
100,7,0.0,0.0,0.0
100,8,0.0,0.0,0.0
101,0,0.0,0.0,0.0
101,1,100.0,100.0,0.0
101,2,0.0,0.0,0.0
101,3,0.0,0.0,0.0
101,4,0.0,0.0,0.0
101,5,0.0,0.0,0.0
101,6,0.0,0.0,0.0
101,7,0.0,0.0,0.0
101,8,0.0,0.0,0.0
102,0,0.0,0.0,0.0
102,1,100.0,100.0,0.0
102,2,0.0,0.0,0.0
102,3,0.0,0.0,0.0
102,4,0.0,0.0,0.0
102,5,0.0,0.0,0.0
102,6,0.0,0.0,0.0
102,7,0.0,0.0,0.0
102,8,0.0,0.0,0.0
103,0,0.0,0.0,0.0
103,1,100.0,100.0,0.0
103,2,0.0,0.0,0.0
103,3,0.0,0.0,0.0
103,4,0.0,0.0,0.0
103,5,0.0,0.0,0.0
103,6,0.0,0.0,0.0
103,7,0.0,0.0,0.0
103,8,0.0,0.0,0.0
104,0,0.0,0.0,0.0
104,1,100.0,100.0,0.0
104,2,0.0,0.0,0.0
104,3,0.0,0.0,0.0
104,4,0.0,0.0,0.0
104,5,0.0,0.0,0.0
104,6,0.0,0.0,0.0
104,7,0.0,0.0,0.0
104,8,0.0,0.0,0.0
105,0,0.0,0.0,0.0
105,1,93.75,86.45833333333334,-7.291666666666657
105,2,0.0,0.0,0.0
105,3,0.0,0.0,0.0
105,4,0.0,0.0,0.0
105,5,6.25,13.541666666666666,7.291666666666666
105,6,0.0,0.0,0.0
105,7,0.0,0.0,0.0
105,8,0.0,0.0,0.0
106,0,0.0,0.0,0.0
106,1,77.0,69.0,-8.0
106,2,0.0,0.0,0.0
106,3,0.0,0.0,0.0
106,4,0.0,0.0,0.0
106,5,23.0,31.0,8.0
106,6,0.0,0.0,0.0
106,7,0.0,0.0,0.0
106,8,0.0,0.0,0.0
107,0,0.0,0.0,0.0
107,1,100.0,100.0,0.0
107,2,0.0,0.0,0.0
107,3,0.0,0.0,0.0
107,4,0.0,0.0,0.0
107,5,0.0,0.0,0.0
107,6,0.0,0.0,0.0
107,7,0.0,0.0,0.0
107,8,0.0,0.0,0.0
108,0,0.0,0.0,0.0
108,1,100.0,100.0,0.0
108,2,0.0,0.0,0.0
108,3,0.0,0.0,0.0
108,4,0.0,0.0,0.0
108,5,0.0,0.0,0.0
108,6,0.0,0.0,0.0
108,7,0.0,0.0,0.0
108,8,0.0,0.0,0.0
109,0,0.0,0.0,0.0
109,1,100.0,100.0,0.0
109,2,0.0,0.0,0.0
109,3,0.0,0.0,0.0
109,4,0.0,0.0,0.0
109,5,0.0,0.0,0.0
109,6,0.0,0.0,0.0
109,7,0.0,0.0,0.0
109,8,0.0,0.0,0.0
110,0,0.0,0.0,0.0
110,1,100.0,100.0,0.0
110,2,0.0,0.0,0.0
110,3,0.0,0.0,0.0
110,4,0.0,0.0,0.0
110,5,0.0,0.0,0.0
110,6,0.0,0.0,0.0
110,7,0.0,0.0,0.0
110,8,0.0,0.0,0.0
111,0,0.0,0.0,0.0
111,1,100.0,100.0,0.0
111,2,0.0,0.0,0.0
111,3,0.0,0.0,0.0
111,4,0.0,0.0,0.0
111,5,0.0,0.0,0.0
111,6,0.0,0.0,0.0
111,7,0.0,0.0,0.0
111,8,0.0,0.0,0.0
112,0,0.0,0.0,0.0
112,1,100.0,100.0,0.0
112,2,0.0,0.0,0.0
112,3,0.0,0.0,0.0
112,4,0.0,0.0,0.0
112,5,0.0,0.0,0.0
112,6,0.0,0.0,0.0
112,7,0.0,0.0,0.0
112,8,0.0,0.0,0.0
113,0,0.0,0.0,0.0
113,1,100.0,100.0,0.0
113,2,0.0,0.0,0.0
113,3,0.0,0.0,0.0
113,4,0.0,0.0,0.0
113,5,0.0,0.0,0.0
113,6,0.0,0.0,0.0
113,7,0.0,0.0,0.0
113,8,0.0,0.0,0.0
114,0,0.0,0.0,0.0
114,1,100.0,100.0,0.0
114,2,0.0,0.0,0.0
114,3,0.0,0.0,0.0
114,4,0.0,0.0,0.0
114,5,0.0,0.0,0.0
114,6,0.0,0.0,0.0
114,7,0.0,0.0,0.0
114,8,0.0,0.0,0.0
115,0,0.0,0.0,0.0
115,1,100.0,100.0,0.0
115,2,0.0,0.0,0.0
115,3,0.0,0.0,0.0
115,4,0.0,0.0,0.0
115,5,0.0,0.0,0.0
115,6,0.0,0.0,0.0
115,7,0.0,0.0,0.0
115,8,0.0,0.0,0.0
116,0,0.0,0.0,0.0
116,1,100.0,100.0,0.0
116,2,0.0,0.0,0.0
116,3,0.0,0.0,0.0
116,4,0.0,0.0,0.0
116,5,0.0,0.0,0.0
116,6,0.0,0.0,0.0
116,7,0.0,0.0,0.0
116,8,0.0,0.0,0.0
117,0,0.0,0.0,0.0
117,1,100.0,100.0,0.0
117,2,0.0,0.0,0.0
117,3,0.0,0.0,0.0
117,4,0.0,0.0,0.0
117,5,0.0,0.0,0.0
117,6,0.0,0.0,0.0
117,7,0.0,0.0,0.0
117,8,0.0,0.0,0.0
118,0,0.0,0.0,0.0
118,1,100.0,100.0,0.0
118,2,0.0,0.0,0.0
118,3,0.0,0.0,0.0
118,4,0.0,0.0,0.0
118,5,0.0,0.0,0.0
118,6,0.0,0.0,0.0
118,7,0.0,0.0,0.0
118,8,0.0,0.0,0.0
119,0,0.0,0.0,0.0
119,1,100.0,100.0,0.0
119,2,0.0,0.0,0.0
119,3,0.0,0.0,0.0
119,4,0.0,0.0,0.0
119,5,0.0,0.0,0.0
119,6,0.0,0.0,0.0
119,7,0.0,0.0,0.0
119,8,0.0,0.0,0.0
120,0,0.0,0.0,0.0
120,1,100.0,100.0,0.0
120,2,0.0,0.0,0.0
120,3,0.0,0.0,0.0
120,4,0.0,0.0,0.0
120,5,0.0,0.0,0.0
120,6,0.0,0.0,0.0
120,7,0.0,0.0,0.0
120,8,0.0,0.0,0.0
121,0,0.0,0.0,0.0
121,1,100.0,100.0,0.0
121,2,0.0,0.0,0.0
121,3,0.0,0.0,0.0
121,4,0.0,0.0,0.0
121,5,0.0,0.0,0.0
121,6,0.0,0.0,0.0
121,7,0.0,0.0,0.0
121,8,0.0,0.0,0.0
122,0,0.0,0.0,0.0
122,1,100.0,100.0,0.0
122,2,0.0,0.0,0.0
122,3,0.0,0.0,0.0
122,4,0.0,0.0,0.0
122,5,0.0,0.0,0.0
122,6,0.0,0.0,0.0
122,7,0.0,0.0,0.0
122,8,0.0,0.0,0.0
123,0,0.0,0.0,0.0
123,1,100.0,100.0,0.0
123,2,0.0,0.0,0.0
123,3,0.0,0.0,0.0
123,4,0.0,0.0,0.0
123,5,0.0,0.0,0.0
123,6,0.0,0.0,0.0
123,7,0.0,0.0,0.0
123,8,0.0,0.0,0.0
124,0,0.0,0.0,0.0
124,1,100.0,100.0,0.0
124,2,0.0,0.0,0.0
124,3,0.0,0.0,0.0
124,4,0.0,0.0,0.0
124,5,0.0,0.0,0.0
124,6,0.0,0.0,0.0
124,7,0.0,0.0,0.0
124,8,0.0,0.0,0.0
125,0,0.0,0.0,0.0
125,1,100.0,100.0,0.0
125,2,0.0,0.0,0.0
125,3,0.0,0.0,0.0
125,4,0.0,0.0,0.0
125,5,0.0,0.0,0.0
125,6,0.0,0.0,0.0
125,7,0.0,0.0,0.0
125,8,0.0,0.0,0.0
126,0,0.0,0.0,0.0
126,1,100.0,100.0,0.0
126,2,0.0,0.0,0.0
126,3,0.0,0.0,0.0
126,4,0.0,0.0,0.0
126,5,0.0,0.0,0.0
126,6,0.0,0.0,0.0
126,7,0.0,0.0,0.0
126,8,0.0,0.0,0.0
127,0,0.0,0.0,0.0
127,1,100.0,100.0,0.0
127,2,0.0,0.0,0.0
127,3,0.0,0.0,0.0
127,4,0.0,0.0,0.0
127,5,0.0,0.0,0.0
127,6,0.0,0.0,0.0
127,7,0.0,0.0,0.0
127,8,0.0,0.0,0.0
128,0,0.0,0.0,0.0
128,1,100.0,100.0,0.0
128,2,0.0,0.0,0.0
128,3,0.0,0.0,0.0
128,4,0.0,0.0,0.0
128,5,0.0,0.0,0.0
128,6,0.0,0.0,0.0
128,7,0.0,0.0,0.0
128,8,0.0,0.0,0.0
129,0,0.0,0.0,0.0
129,1,100.0,100.0,0.0
129,2,0.0,0.0,0.0
129,3,0.0,0.0,0.0
129,4,0.0,0.0,0.0
129,5,0.0,0.0,0.0
129,6,0.0,0.0,0.0
129,7,0.0,0.0,0.0
129,8,0.0,0.0,0.0
130,0,0.0,0.0,0.0
130,1,100.0,100.0,0.0
130,2,0.0,0.0,0.0
130,3,0.0,0.0,0.0
130,4,0.0,0.0,0.0
130,5,0.0,0.0,0.0
130,6,0.0,0.0,0.0
130,7,0.0,0.0,0.0
130,8,0.0,0.0,0.0
131,0,0.0,0.0,0.0
131,1,100.0,100.0,0.0
131,2,0.0,0.0,0.0
131,3,0.0,0.0,0.0
131,4,0.0,0.0,0.0
131,5,0.0,0.0,0.0
131,6,0.0,0.0,0.0
131,7,0.0,0.0,0.0
131,8,0.0,0.0,0.0
132,0,0.0,0.0,0.0
132,1,100.0,100.0,0.0
132,2,0.0,0.0,0.0
132,3,0.0,0.0,0.0
132,4,0.0,0.0,0.0
132,5,0.0,0.0,0.0
132,6,0.0,0.0,0.0
132,7,0.0,0.0,0.0
132,8,0.0,0.0,0.0
133,0,0.0,0.0,0.0
133,1,0.0,0.0,0.0
133,2,0.0,0.0,0.0
133,3,0.0,0.0,0.0
133,4,0.0,0.0,0.0
133,5,0.0,0.0,0.0
133,6,0.0,0.0,0.0
133,7,0.0,0.0,0.0
133,8,0.0,0.0,0.0
134,0,0.0,0.0,0.0
134,1,100.0,100.0,0.0
134,2,0.0,0.0,0.0
134,3,0.0,0.0,0.0
134,4,0.0,0.0,0.0
134,5,0.0,0.0,0.0
134,6,0.0,0.0,0.0
134,7,0.0,0.0,0.0
134,8,0.0,0.0,0.0
135,0,0.0,0.0,0.0
135,1,100.0,100.0,0.0
135,2,0.0,0.0,0.0
135,3,0.0,0.0,0.0
135,4,0.0,0.0,0.0
135,5,0.0,0.0,0.0
135,6,0.0,0.0,0.0
135,7,0.0,0.0,0.0
135,8,0.0,0.0,0.0
136,0,0.0,0.0,0.0
136,1,100.0,100.0,0.0
136,2,0.0,0.0,0.0
136,3,0.0,0.0,0.0
136,4,0.0,0.0,0.0
136,5,0.0,0.0,0.0
136,6,0.0,0.0,0.0
136,7,0.0,0.0,0.0
136,8,0.0,0.0,0.0
137,0,0.0,0.0,0.0
137,1,100.0,100.0,0.0
137,2,0.0,0.0,0.0
137,3,0.0,0.0,0.0
137,4,0.0,0.0,0.0
137,5,0.0,0.0,0.0
137,6,0.0,0.0,0.0
137,7,0.0,0.0,0.0
137,8,0.0,0.0,0.0
138,0,0.0,0.0,0.0
138,1,100.0,100.0,0.0
138,2,0.0,0.0,0.0
138,3,0.0,0.0,0.0
138,4,0.0,0.0,0.0
138,5,0.0,0.0,0.0
138,6,0.0,0.0,0.0
138,7,0.0,0.0,0.0
138,8,0.0,0.0,0.0
139,0,0.0,0.0,0.0
139,1,0.0,0.0,0.0
139,2,0.0,0.0,0.0
139,3,0.0,0.0,0.0
139,4,0.0,0.0,0.0
139,5,0.0,0.0,0.0
139,6,0.0,0.0,0.0
139,7,0.0,0.0,0.0
139,8,0.0,0.0,0.0
140,0,0.0,0.0,0.0
140,1,100.0,100.0,0.0
140,2,0.0,0.0,0.0
140,3,0.0,0.0,0.0
140,4,0.0,0.0,0.0
140,5,0.0,0.0,0.0
140,6,0.0,0.0,0.0
140,7,0.0,0.0,0.0
140,8,0.0,0.0,0.0
141,0,0.0,0.0,0.0
141,1,100.0,100.0,0.0
141,2,0.0,0.0,0.0
141,3,0.0,0.0,0.0
141,4,0.0,0.0,0.0
141,5,0.0,0.0,0.0
141,6,0.0,0.0,0.0
141,7,0.0,0.0,0.0
141,8,0.0,0.0,0.0
142,0,0.0,0.0,0.0
142,1,100.0,100.0,0.0
142,2,0.0,0.0,0.0
142,3,0.0,0.0,0.0
142,4,0.0,0.0,0.0
142,5,0.0,0.0,0.0
142,6,0.0,0.0,0.0
142,7,0.0,0.0,0.0
142,8,0.0,0.0,0.0
143,0,0.0,0.0,0.0
143,1,100.0,100.0,0.0
143,2,0.0,0.0,0.0
143,3,0.0,0.0,0.0
143,4,0.0,0.0,0.0
143,5,0.0,0.0,0.0
143,6,0.0,0.0,0.0
143,7,0.0,0.0,0.0
143,8,0.0,0.0,0.0
144,0,0.0,0.0,0.0
144,1,100.0,100.0,0.0
144,2,0.0,0.0,0.0
144,3,0.0,0.0,0.0
144,4,0.0,0.0,0.0
144,5,0.0,0.0,0.0
144,6,0.0,0.0,0.0
144,7,0.0,0.0,0.0
144,8,0.0,0.0,0.0
145,0,0.0,0.0,0.0
145,1,100.0,100.0,0.0
145,2,0.0,0.0,0.0
145,3,0.0,0.0,0.0
145,4,0.0,0.0,0.0
145,5,0.0,0.0,0.0
145,6,0.0,0.0,0.0
145,7,0.0,0.0,0.0
145,8,0.0,0.0,0.0
146,0,0.0,0.0,0.0
146,1,100.0,100.0,0.0
146,2,0.0,0.0,0.0
146,3,0.0,0.0,0.0
146,4,0.0,0.0,0.0
146,5,0.0,0.0,0.0
146,6,0.0,0.0,0.0
146,7,0.0,0.0,0.0
146,8,0.0,0.0,0.0
147,0,0.0,0.0,0.0
147,1,100.0,100.0,0.0
147,2,0.0,0.0,0.0
147,3,0.0,0.0,0.0
147,4,0.0,0.0,0.0
147,5,0.0,0.0,0.0
147,6,0.0,0.0,0.0
147,7,0.0,0.0,0.0
147,8,0.0,0.0,0.0
148,0,0.0,0.0,0.0
148,1,100.0,100.0,0.0
148,2,0.0,0.0,0.0
148,3,0.0,0.0,0.0
148,4,0.0,0.0,0.0
148,5,0.0,0.0,0.0
148,6,0.0,0.0,0.0
148,7,0.0,0.0,0.0
148,8,0.0,0.0,0.0
149,0,0.0,0.0,0.0
149,1,100.0,100.0,0.0
149,2,0.0,0.0,0.0
149,3,0.0,0.0,0.0
149,4,0.0,0.0,0.0
149,5,0.0,0.0,0.0
149,6,0.0,0.0,0.0
149,7,0.0,0.0,0.0
149,8,0.0,0.0,0.0
150,0,0.0,0.0,0.0
150,1,100.0,100.0,0.0
150,2,0.0,0.0,0.0
150,3,0.0,0.0,0.0
150,4,0.0,0.0,0.0
150,5,0.0,0.0,0.0
150,6,0.0,0.0,0.0
150,7,0.0,0.0,0.0
150,8,0.0,0.0,0.0
151,0,0.0,0.0,0.0
151,1,100.0,79.34782608695652,-20.652173913043484
151,2,0.0,0.0,0.0
151,3,0.0,0.0,0.0
151,4,0.0,0.0,0.0
151,5,0.0,20.652173913043477,20.652173913043477
151,6,0.0,0.0,0.0
151,7,0.0,0.0,0.0
151,8,0.0,0.0,0.0
152,0,0.0,0.0,0.0
152,1,100.0,73.0,-27.0
152,2,0.0,0.0,0.0
152,3,0.0,0.0,0.0
152,4,0.0,0.0,0.0
152,5,0.0,27.0,27.0
152,6,0.0,0.0,0.0
152,7,0.0,0.0,0.0
152,8,0.0,0.0,0.0
153,0,0.0,0.0,0.0
153,1,100.0,100.0,0.0
153,2,0.0,0.0,0.0
153,3,0.0,0.0,0.0
153,4,0.0,0.0,0.0
153,5,0.0,0.0,0.0
153,6,0.0,0.0,0.0
153,7,0.0,0.0,0.0
153,8,0.0,0.0,0.0
154,0,0.0,0.0,0.0
154,1,100.0,88.67924528301887,-11.320754716981128
154,2,0.0,0.0,0.0
154,3,0.0,0.0,0.0
154,4,0.0,0.0,0.0
154,5,0.0,11.320754716981133,11.320754716981133
154,6,0.0,0.0,0.0
154,7,0.0,0.0,0.0
154,8,0.0,0.0,0.0
155,0,0.0,0.0,0.0
155,1,100.0,66.0,-34.0
155,2,0.0,0.0,0.0
155,3,0.0,0.0,0.0
155,4,0.0,0.0,0.0
155,5,0.0,34.0,34.0
155,6,0.0,0.0,0.0
155,7,0.0,0.0,0.0
155,8,0.0,0.0,0.0
156,0,0.0,0.0,0.0
156,1,100.0,100.0,0.0
156,2,0.0,0.0,0.0
156,3,0.0,0.0,0.0
156,4,0.0,0.0,0.0
156,5,0.0,0.0,0.0
156,6,0.0,0.0,0.0
156,7,0.0,0.0,0.0
156,8,0.0,0.0,0.0
157,0,0.0,0.0,0.0
157,1,100.0,100.0,0.0
157,2,0.0,0.0,0.0
157,3,0.0,0.0,0.0
157,4,0.0,0.0,0.0
157,5,0.0,0.0,0.0
157,6,0.0,0.0,0.0
157,7,0.0,0.0,0.0
157,8,0.0,0.0,0.0
158,0,0.0,0.0,0.0
158,1,100.0,100.0,0.0
158,2,0.0,0.0,0.0
158,3,0.0,0.0,0.0
158,4,0.0,0.0,0.0
158,5,0.0,0.0,0.0
158,6,0.0,0.0,0.0
158,7,0.0,0.0,0.0
158,8,0.0,0.0,0.0
159,0,0.0,0.0,0.0
159,1,100.0,100.0,0.0
159,2,0.0,0.0,0.0
159,3,0.0,0.0,0.0
159,4,0.0,0.0,0.0
159,5,0.0,0.0,0.0
159,6,0.0,0.0,0.0
159,7,0.0,0.0,0.0
159,8,0.0,0.0,0.0
160,0,0.0,0.0,0.0
160,1,100.0,100.0,0.0
160,2,0.0,0.0,0.0
160,3,0.0,0.0,0.0
160,4,0.0,0.0,0.0
160,5,0.0,0.0,0.0
160,6,0.0,0.0,0.0
160,7,0.0,0.0,0.0
160,8,0.0,0.0,0.0
161,0,0.0,0.0,0.0
161,1,89.0,81.0,-8.0
161,2,7.000000000000001,0.0,-7.000000000000001
161,3,0.0,0.0,0.0
161,4,0.0,0.0,0.0
161,5,4.0,19.0,15.0
161,6,0.0,0.0,0.0
161,7,0.0,0.0,0.0
161,8,0.0,0.0,0.0
162,0,0.0,0.0,0.0
162,1,100.0,100.0,0.0
162,2,0.0,0.0,0.0
162,3,0.0,0.0,0.0
162,4,0.0,0.0,0.0
162,5,0.0,0.0,0.0
162,6,0.0,0.0,0.0
162,7,0.0,0.0,0.0
162,8,0.0,0.0,0.0
163,0,0.0,0.0,0.0
163,1,100.0,80.51948051948052,-19.480519480519476
163,2,0.0,0.0,0.0
163,3,0.0,0.0,0.0
163,4,0.0,0.0,0.0
163,5,0.0,19.480519480519483,19.480519480519483
163,6,0.0,0.0,0.0
163,7,0.0,0.0,0.0
163,8,0.0,0.0,0.0
164,0,0.0,0.0,0.0
164,1,100.0,0.0,-100.0
164,2,0.0,0.0,0.0
164,3,0.0,0.0,0.0
164,4,0.0,0.0,0.0
164,5,0.0,100.0,100.0
164,6,0.0,0.0,0.0
164,7,0.0,0.0,0.0
164,8,0.0,0.0,0.0
165,0,0.0,0.0,0.0
165,1,100.0,100.0,0.0
165,2,0.0,0.0,0.0
165,3,0.0,0.0,0.0
165,4,0.0,0.0,0.0
165,5,0.0,0.0,0.0
165,6,0.0,0.0,0.0
165,7,0.0,0.0,0.0
165,8,0.0,0.0,0.0
166,0,0.0,0.0,0.0
166,1,83.0,74.0,-9.0
166,2,17.0,16.0,-1.0
166,3,0.0,0.0,0.0
166,4,0.0,0.0,0.0
166,5,0.0,10.0,10.0
166,6,0.0,0.0,0.0
166,7,0.0,0.0,0.0
166,8,0.0,0.0,0.0
167,0,0.0,0.0,0.0
167,1,100.0,98.4375,-1.5625
167,2,0.0,0.0,0.0
167,3,0.0,0.0,0.0
167,4,0.0,0.0,0.0
167,5,0.0,1.5625,1.5625
167,6,0.0,0.0,0.0
167,7,0.0,0.0,0.0
167,8,0.0,0.0,0.0
168,0,0.0,0.0,0.0
168,1,91.30434782608695,26.08695652173913,-65.21739130434783
168,2,0.0,0.0,0.0
168,3,0.0,0.0,0.0
168,4,8.695652173913043,4.3478260869565215,-4.3478260869565215
168,5,0.0,69.56521739130434,69.56521739130434
168,6,0.0,0.0,0.0
168,7,0.0,0.0,0.0
168,8,0.0,0.0,0.0
169,0,0.0,0.0,0.0
169,1,100.0,0.0,-100.0
169,2,0.0,0.0,0.0
169,3,0.0,0.0,0.0
169,4,0.0,0.0,0.0
169,5,0.0,100.0,100.0
169,6,0.0,0.0,0.0
169,7,0.0,0.0,0.0
169,8,0.0,0.0,0.0
170,0,0.0,0.0,0.0
170,1,100.0,100.0,0.0
170,2,0.0,0.0,0.0
170,3,0.0,0.0,0.0
170,4,0.0,0.0,0.0
170,5,0.0,0.0,0.0
170,6,0.0,0.0,0.0
170,7,0.0,0.0,0.0
170,8,0.0,0.0,0.0
171,0,0.0,0.0,0.0
171,1,100.0,100.0,0.0
171,2,0.0,0.0,0.0
171,3,0.0,0.0,0.0
171,4,0.0,0.0,0.0
171,5,0.0,0.0,0.0
171,6,0.0,0.0,0.0
171,7,0.0,0.0,0.0
171,8,0.0,0.0,0.0
172,0,0.0,0.0,0.0
172,1,100.0,100.0,0.0
172,2,0.0,0.0,0.0
172,3,0.0,0.0,0.0
172,4,0.0,0.0,0.0
172,5,0.0,0.0,0.0
172,6,0.0,0.0,0.0
172,7,0.0,0.0,0.0
172,8,0.0,0.0,0.0
